{
    "train_loss": [
        2.0631182478232817
    ],
    "train_acc": [
        0.2662883720012626
    ],
    "val_loss": [
        1.7662675189971924
    ],
    "val_acc": [
        40.66
    ],
    "lr": [
        0.1
    ]
}